"Path","SizeMB","Extension"
"data\raw\hydrology\water_bodies\india\india_surface_waterbodies.geojson","4839.85",".geojson"
"sentinel1_data\S1A_IW_GRDH_1SDV_20180529T003359_20180529T003424_022112_026403_96EE_COG.zip","1084.89",".zip"
"data\raw\hydrology\water_bodies\states\madhya_pradesh\wb_sac_mp.GeoJSON","635.94",".GeoJSON"
"data\raw\hydrology\water_bodies\states\jharkhand\wb_sac_jh.GeoJSON","604.17",".GeoJSON"
"data\raw\hydrology\water_bodies\states\maharashtra\wb_sac_mh.GeoJSON","586.96",".GeoJSON"
"sentinel1_data\extracted\S1A_IW_GRDH_1SDV_20180529T003359_20180529T003424_022112_026403_96EE_COG.SAFE\measurement\s1a-iw-grd-vv-20180529t003359-20180529t003424-022112-026403-001-cog.tiff","583.95",".tiff"
"data\raw\hydrology\water_bodies\states\west_bengal\wb_sac_wb.GeoJSON","573.36",".GeoJSON"
"data\raw\hydrology\water_bodies\processed\madhya_pradesh\madhya_pradesh_surface_waterbodies.geojson","553.93",".geojson"
"data\raw\hydrology\water_bodies\processed\west_bengal\west_bengal_surface_waterbodies.geojson","549.78",".geojson"
"data\raw\hydrology\water_bodies\states\uttar_pradesh\wb_sac_up.GeoJSON","527.38",".GeoJSON"
"data\raw\hydrology\water_bodies\processed\jharkhand\jharkhand_surface_waterbodies.geojson","526.24",".geojson"
"data\raw\hydrology\water_bodies\processed\maharashtra\maharashtra_surface_waterbodies.geojson","520.72",".geojson"
"data\raw\hydrology\water_bodies\processed\uttar_pradesh\uttar_pradesh_surface_waterbodies.geojson","495.37",".geojson"
"sentinel1_data\extracted\S1A_IW_GRDH_1SDV_20180529T003359_20180529T003424_022112_026403_96EE_COG.SAFE\measurement\s1a-iw-grd-vh-20180529t003359-20180529t003424-022112-026403-002-cog.tiff","494.31",".tiff"
"data\raw\hydrology\reservoirs\india_reservoirs_source.geojson","431.57",".geojson"
"data\raw\hydrology\water_bodies\states\tamil_nadu\wb_sac_tn.GeoJSON","394.06",".GeoJSON"
"data\raw\hydrology\water_bodies\states\odisha\wb_sac_od.GeoJSON","392.57",".GeoJSON"
"data\raw\hydrology\water_bodies\processed\odisha\odisha_surface_waterbodies.geojson","377.57",".geojson"
"data\raw\hydrology\rivers\india_river_network.geojson","339.73",".geojson"
"data\raw\hydrology\water_bodies\processed\tamil_nadu\tamil_nadu_surface_waterbodies.geojson","335.88",".geojson"
"data\raw\hydrology\water_bodies\states\bihar\wb_sac_br.GeoJSON","305.53",".GeoJSON"
"data\raw\hydrology\water_bodies\processed\bihar\bihar_surface_waterbodies.geojson","281.1",".geojson"
"data\raw\hydrology\water_bodies\states\rajasthan\wb_sac_rj.GeoJSON","242.7",".GeoJSON"
"data\raw\hydrology\water_bodies\processed\rajasthan\rajasthan_surface_waterbodies.geojson","233.99",".geojson"
"data\processed\flood_random_forest_model.joblib","222.61",".joblib"
"data\raw\hydrology\drainage\india_canal_network.geojson","222.3",".geojson"
"data\raw\hydrology\water_bodies\states\andhra_pradesh\wb_sac_ap.GeoJSON","200.73",".GeoJSON"
"data\raw\hydrology\water_bodies\states\chhattisgarh\wb_sac_cg.GeoJSON","188.85",".GeoJSON"
"data\raw\hydrology\water_bodies\processed\andhra_pradesh\andhra_pradesh_surface_waterbodies.geojson","180.56",".geojson"
"data\raw\hydrology\water_bodies\raw_downloads\madhya_pradesh_surface_waterbodies.zip","180.35",".zip"
"data\raw\hydrology\water_bodies\processed\chhattisgarh\chhattisgarh_surface_waterbodies.geojson","178.58",".geojson"
"data\raw\hydrology\water_bodies\raw_downloads\jharkhand_surface_waterbodies.zip","167.16",".zip"
"data\raw\hydrology\water_bodies\raw_downloads\maharashtra_surface_waterbodies.zip","164.98",".zip"
"data\raw\hydrology\water_bodies\raw_downloads\west_bengal_surface_waterbodies.zip","141.5",".zip"
"data\raw\hydrology\water_bodies\states\gujarat\wb_sac_gj.GeoJSON","138.55",".GeoJSON"
"data\raw\hydrology\water_bodies\raw_downloads\uttar_pradesh_surface_waterbodies.zip","135.08",".zip"
"data\raw\hydrology\water_bodies\processed\gujarat\gujarat_surface_waterbodies.geojson","127.86",".geojson"
"data\raw\hydrology\water_bodies\states\telangana\wb_sac_ts.GeoJSON","118.27",".GeoJSON"
"data\raw\hydrology\water_bodies\raw_downloads\tamil_nadu_surface_waterbodies.zip","116.32",".zip"
"data\raw\hydrology\water_bodies\processed\telangana\telangana_surface_waterbodies.geojson","106.91",".geojson"
"data\raw\hydrology\water_bodies\states\assam\wb_sac_as.GeoJSON","100.97",".GeoJSON"
"data\raw\hydrology\water_bodies\raw_downloads\odisha_surface_waterbodies.zip","95.36",".zip"
"data\raw\hydrology\water_bodies\processed\assam\assam_surface_waterbodies.geojson","93.21",".geojson"
"data\raw\hydrology\water_bodies\raw_downloads\bihar_surface_waterbodies.zip","80.31",".zip"
"data\raw\hydrology\water_bodies\raw_downloads\rajasthan_surface_waterbodies.zip","59.09",".zip"
"data\raw\hydrology\water_bodies\raw_downloads\andhra_pradesh_surface_waterbodies.zip","56.48",".zip"
"data\raw\hydrology\water_bodies\states\haryana\wb_sac_hr.GeoJSON","49.18",".GeoJSON"
"data\raw\hydrology\water_bodies\raw_downloads\chhattisgarh_surface_waterbodies.zip","48.35",".zip"
"data\raw\hydrology\water_bodies\processed\haryana\haryana_surface_waterbodies.geojson","45.51",".geojson"
"data\raw\hydrology\water_bodies\states\punjab\wb_sac_pb.GeoJSON","44.92",".GeoJSON"
"data\raw\hydrology\water_bodies\processed\punjab\punjab_surface_waterbodies.geojson","40.74",".geojson"
"data\raw\hydrology\water_bodies\raw_downloads\gujarat_surface_waterbodies.zip","37.47",".zip"
"data\raw\hydrology\water_bodies\states\meghalaya\wb_sac_ml.GeoJSON","33.88",".GeoJSON"
"data\raw\hydrology\water_bodies\raw_downloads\telangana_surface_waterbodies.zip","32.75",".zip"
"data\processed\flood_training_dataset.csv","31",".csv"
"data\raw\hydrology\water_bodies\processed\meghalaya\meghalaya_surface_waterbodies.geojson","28.95",".geojson"
"data\raw\hydrology\water_bodies\states\kerala\wb_sac_kl.GeoJSON","27.78",".GeoJSON"
"data\raw\hydrology\water_bodies\raw_downloads\assam_surface_waterbodies.zip","27.13",".zip"
"data\raw\hydrology\water_bodies\processed\kerala\kerala_surface_waterbodies.geojson","24.46",".geojson"
"data\raw\rainfall\RF25_ind2024_rfp25.nc","24.32",".nc"
"data\raw\rainfall\RF25_ind2020_rfp25.nc","24.32",".nc"
"data\raw\rainfall\RF25_ind2021_rfp25.nc","24.25",".nc"
"data\raw\rainfall\RF25_ind2023_rfp25.nc","24.25",".nc"
"data\raw\rainfall\RF25_ind2022_rfp25.nc","24.25",".nc"
"data\raw\rainfall\RF25_ind2018_rfp25.nc","24.25",".nc"
"data\raw\rainfall\RF25_ind2019_rfp25.nc","24.25",".nc"
"data\raw\rainfall\RF25_ind2025_rfp25.nc","24.25",".nc"
"data\raw\hydrology\water_bodies\states\arunachal_pradesh\wb_sac_ar.GeoJSON","20.93",".GeoJSON"
"data\raw\hydrology\water_bodies\processed\arunachal_pradesh\arunachal_pradesh_surface_waterbodies.geojson","19.16",".geojson"
"data\raw\hydrology\water_bodies\states\mizoram\wb_sac_mz.GeoJSON","17.81",".GeoJSON"
"data\raw\hydrology\river_basins\extracted\basin_cwc.GeoJSON","16.67",".GeoJSON"
"india_sentinel1_metadata.csv","15.87",".csv"
"data\raw\hydrology\water_bodies\processed\mizoram\mizoram_surface_waterbodies.geojson","14.92",".geojson"
"data\raw\hydrology\water_bodies\states\tripura\wb_sac_tr.GeoJSON","14.38",".GeoJSON"
"data\raw\hydrology\water_bodies\raw_downloads\haryana_surface_waterbodies.zip","12.91",".zip"
"data\raw\hydrology\water_bodies\processed\tripura\tripura_surface_waterbodies.geojson","12.84",".geojson"
"data\raw\hydrology\water_bodies\raw_downloads\punjab_surface_waterbodies.zip","12.33",".zip"
"data\raw\hydrology\water_bodies\states\ladakh\wb_sac_lk.GeoJSON","10.94",".GeoJSON"
"data\processed\satellite_features.tif","10.05",".tif"
"data\processed\satellite_features_normalized.tif","9.86",".tif"
"data\raw\hydrology\water_bodies\processed\ladakh\ladakh_surface_waterbodies.geojson","9.72",".geojson"
"data\raw\hydrology\water_bodies\raw_downloads\meghalaya_surface_waterbodies.zip","9.5",".zip"
"data\raw\hydrology\water_bodies\states\jammu_and_kashmir\wb_sac_jk.GeoJSON","8.62",".GeoJSON"
"data\raw\hydrology\water_bodies\raw_downloads\kerala_surface_waterbodies.zip","7.87",".zip"
"data\raw\hydrology\water_bodies\processed\jammu_and_kashmir\jammu_and_kashmir_surface_waterbodies.geojson","7.53",".geojson"
"data\raw\hydrology\water_bodies\states\goa\wb_sac_ga.GeoJSON","6.02",".GeoJSON"
"data\raw\hydrology\water_bodies\states\nagaland\wb_sac_nl.GeoJSON","5.95",".GeoJSON"
"data\raw\hydrology\water_bodies\raw_downloads\arunachal_pradesh_surface_waterbodies.zip","5.78",".zip"
"data\raw\hydrology\water_bodies\states\manipur\wb_sac_mn.GeoJSON","5.36",".GeoJSON"
"data\raw\hydrology\water_bodies\processed\nagaland\nagaland_surface_waterbodies.geojson","5.34",".geojson"
"data\raw\hydrology\river_basins\india_river_basins.zip","5.33",".zip"
"data\raw\hydrology\water_bodies\states\uttarakhand\wb_sac_uk.GeoJSON","5.32",".GeoJSON"
"data\raw\hydrology\water_bodies\raw_downloads\mizoram_surface_waterbodies.zip","5.28",".zip"
"data\raw\hydrology\water_bodies\processed\manipur\manipur_surface_waterbodies.geojson","5.14",".geojson"
"data\raw\hydrology\water_bodies\processed\goa\goa_surface_waterbodies.geojson","5.09",".geojson"
"data\raw\hydrology\water_bodies\processed\uttarakhand\uttarakhand_surface_waterbodies.geojson","4.59",".geojson"
"data\raw\hydrology\water_bodies\states\andaman_and_nicobar_islands\wb_sac_an.GeoJSON","4.09",".GeoJSON"
"data\raw\hydrology\water_bodies\raw_downloads\tripura_surface_waterbodies.zip","4.04",".zip"
"data\raw\hydrology\water_bodies\processed\andaman_and_nicobar_islands\andaman_and_nicobar_islands_surface_waterbodies.geojson","3.47",".geojson"
"data\raw\hydrology\water_bodies\raw_downloads\ladakh_surface_waterbodies.zip","3.16",".zip"
"data\raw\hydrology\water_bodies\raw_downloads\jammu_and_kashmir_surface_waterbodies.zip","2.56",".zip"
"data\raw\hydrology\water_bodies\vb_soi_an_geojson.zip","2.01",".zip"
"sentinel1_india_search.csv","1.92",".csv"
"data\raw\hydrology\water_bodies\states\sikkim\wb_sac_sk.GeoJSON","1.92",".GeoJSON"
"sentinel1_data\extracted\VV_preview.png","1.86",".png"
"flood_aoi\after_vv_vh.tiff","1.83",".tiff"
"data\raw\hydrology\water_bodies\states\delhi\wb_sac_dl.GeoJSON","1.83",".GeoJSON"
"flood_aoi\before_vv_vh.tiff","1.82",".tiff"
"data\raw\hydrology\water_bodies\raw_downloads\goa_surface_waterbodies.zip","1.82",".zip"
"sentinel1_india_2018_2025.csv","1.82",".csv"
"sentinel1_data\extracted\VH_preview.png","1.78",".png"
"data\raw\hydrology\water_bodies\processed\sikkim\sikkim_surface_waterbodies.geojson","1.73",".geojson"
"data\raw\hydrology\water_bodies\processed\delhi\delhi_surface_waterbodies.geojson","1.71",".geojson"
"data\raw\hydrology\water_bodies\raw_downloads\nagaland_surface_waterbodies.zip","1.66",".zip"
"data\raw\hydrology\water_bodies\raw_downloads\uttarakhand_surface_waterbodies.zip","1.57",".zip"
"data\raw\hydrology\water_bodies\states\puducherry\wb_sac_py.GeoJSON","1.4",".GeoJSON"
"data\raw\hydrology\water_bodies\raw_downloads\manipur_surface_waterbodies.zip","1.33",".zip"
"data\raw\hydrology\water_bodies\processed\puducherry\puducherry_surface_waterbodies.geojson","1.27",".geojson"
"data\raw\hydrology\water_bodies\raw_downloads\andaman_and_nicobar_islands_surface_waterbodies.zip","1.14",".zip"
"data\raw\hydrology\water_bodies\states\lakshadweep\wb_sac_ld.GeoJSON","1.05",".GeoJSON"
"data\raw\hydrology\water_bodies\processed\lakshadweep\lakshadweep_surface_waterbodies.geojson","0.87",".geojson"
"data\raw\hydrology\water_bodies\raw_downloads\sikkim_surface_waterbodies.zip","0.54",".zip"
"data\raw\hydrology\water_bodies\raw_downloads\delhi_surface_waterbodies.zip","0.47",".zip"
"data\raw\hydrology\water_bodies\states\daman_diu\wb_sac_dd.GeoJSON","0.45",".GeoJSON"
"data\raw\hydrology\water_bodies\raw_downloads\puducherry_surface_waterbodies.zip","0.39",".zip"
"data\raw\hydrology\water_bodies\processed\daman_diu\daman_diu_surface_waterbodies.geojson","0.39",".geojson"
"data\raw\hydrology\water_bodies\raw_downloads\lakshadweep_surface_waterbodies.zip","0.33",".zip"
"data\processed\dem\dem_test_processed.tif","0.32",".tif"
"data\raw\hydrology\water_bodies\nwdp_surface_waterbodies.html","0.22",".html"
"process_api_test.tiff","0.22",".tiff"
"nwdp_surface_waterbodies.html","0.22",".html"
"gfm_swagger.json","0.17",".json"
"download_queue.csv","0.13",".csv"
"data\raw\hydrology\water_bodies\raw_downloads\daman_diu_surface_waterbodies.zip","0.13",".zip"
"data\raw\hydrology\water_bodies\states\chandigarh\wb_sac_ch.GeoJSON","0.1",".GeoJSON"
"data\raw\hydrology\water_bodies\processed\chandigarh\chandigarh_surface_waterbodies.geojson","0.09",".geojson"
"sentinel1_india_test.csv","0.04",".csv"
"scripts\collect_all_hydrology_data.py","0.03",".py"
"scripts\download_water_bodies.py","0.03",".py"
"data\raw\hydrology\water_bodies\raw_downloads\chandigarh_surface_waterbodies.zip","0.03",".zip"
"scripts\__pycache__\download_water_bodies.cpython-312.pyc","0.03",".pyc"
"data\raw\hydrology\hydrology_metadata.json","0.02",".json"
"scripts\__pycache__\process_surface_waterbodies.cpython-312.pyc","0.02",".pyc"
"data\raw\hydrology\hydrology_dataset_catalog.json","0.02",".json"
"scripts\process_surface_waterbodies.py","0.02",".py"
"scripts\__pycache__\collect_all_hydrology_data.cpython-312.pyc","0.02",".pyc"
"api\main.py","0.02",".py"
"scripts\process_dem_storage_safe.py","0.02",".py"
"api\__pycache__\main.cpython-312.pyc","0.02",".pyc"
"scripts\download_river_basins.py","0.02",".py"
"scripts\collect_hydrology_data.py","0.01",".py"
"scripts\download_dem.py","0.01",".py"
"scripts\download_reservoirs.py","0.01",".py"
"scripts\download_drainage_canals.py","0.01",".py"
"scripts\__pycache__\collect_hydrology_data.cpython-312.pyc","0.01",".pyc"
"scripts\__pycache__\download_reservoirs.cpython-312.pyc","0.01",".pyc"
"scripts\__pycache__\download_river_basins.cpython-312.pyc","0.01",".pyc"
"scripts\__pycache__\download_drainage_canals.cpython-312.pyc","0.01",".pyc"
"scripts\collect_all_data.py","0.01",".py"
"scripts\__pycache__\download_river_network.cpython-312.pyc","0.01",".pyc"
"analyze_flood_prediction.py","0.01",".py"
"scripts\download_river_network.py","0.01",".py"
"scripts\__pycache__\process_dem_storage_safe.cpython-312.pyc","0.01",".pyc"
"scripts\__pycache__\download_dem.cpython-312.pyc","0.01",".pyc"
"predict_flood_raster.py","0.01",".py"
"extract_satellite_features.py","0.01",".py"
"extract_flood_aoi.py","0.01",".py"
"train_flood_model.py","0.01",".py"
"inspect_flood_aoi.py","0.01",".py"
"normalize_satellite_features.py","0.01",".py"
"create_satellite_change_summary.py","0.01",".py"
"copernicus_collector.py","0.01",".py"
"download_flood_aoi.py","0.01",".py"
"create_training_dataset.py","0.01",".py"
"data\processed\flood_prediction.tif","0.01",".tif"
"search_flood_events.py","0.01",".py"
"preview_scene.py","0",".py"
"scripts\download_drainage.py","0",".py"
"inspect_scene.py","0",".py"
"location_scene_search.csv","0",".csv"
"prepare_flood_imagery.py","0",".py"
"scripts\download_reservoirs_dams.py","0",".py"
"prepare_download.py","0",".py"
"extract_scene.py","0",".py"
"flood_event_analysis.csv","0",".csv"
"download_pair.py","0",".py"
"download_cog.py","0",".py"
"download_one.py","0",".py"
"flood_event_search.csv","0",".csv"
"india_metadata_summary.csv","0",".csv"
"india_metadata_summary.py","0",".py"
"get_cdse_token.py","0",".py"
"flood_imagery_assets.csv","0",".csv"
"analyze_flood_event.py","0",".py"
"data\processed\gfm_flood_reference.tif","0",".tif"
"data\processed\satellite_change_summary.csv","0",".csv"
"data\processed\satellite_feature_quality_report.csv","0",".csv"
"api\services\__init__.py","0",".py"
"build_india_metadata.py","0",".py"
"data\processed\flood_prediction_summary.json","0",".json"
"data\raw\hydrology\water_bodies\reports\surface_waterbodies_state_index.json","0",".json"
"cdse_token.txt","0",".txt"
"cdse_auth.py","0",".py"
"create_satellite_metadata.py","0",".py"
"data\raw\hydrology\water_bodies\india\layer4_processing_report.json","0",".json"
"create_gfm_reference.py","0",".py"
"metadata\satellite_metadata.csv","0",".csv"
"selected_flood_scenes.csv","0",".csv"
"select_flood_pair.py","0",".py"
"project_file_inventory.csv","0",".csv"
"search_india_scenes.py","0",".py"
"selected_flood_pair.csv","0",".csv"
"test_cdse_asset.py","0",".py"
"verify_normalized_features.py","0",".py"
"api\services\assistant_service.py","0",".py"
"data\reports\data_collection_report.json","0",".json"
"select_flood_scenes.py","0",".py"
"sentinel1_test.csv","0",".csv"
